{"cameraMode":{"drawMode":0,"name":"Shaded","section":"Shading Mode"},"sceneLighting":false,"audioPlay":false,"sceneViewState":{"m_AlwaysRefresh":false,"showFog":true,"showSkybox":false,"showFlares":true,"showImageEffects":true,"showParticleSystems":true,"showVisualEffectGraphs":true,"m_FxEnabled":true},"in2DMode":false,"pivot":{"x":3.7954840660095217,"y":0.43917757272720339,"z":-9.854333877563477},"rotation":{"x":-0.19571347534656526,"y":0.5793468952178955,"z":-0.14500205218791963,"w":-0.7780938744544983},"size":0.14686347544193269,"orthographic":false}