{"cameraMode":{"drawMode":0,"name":"Shaded","section":"Shading Mode"},"sceneLighting":true,"audioPlay":false,"sceneViewState":{"m_AlwaysRefresh":false,"showFog":true,"showSkybox":true,"showFlares":true,"showImageEffects":true,"showParticleSystems":true,"showVisualEffectGraphs":true,"m_FxEnabled":true},"in2DMode":false,"pivot":{"x":-0.08939999341964722,"y":1.5269999504089356,"z":-2.322999954223633},"rotation":{"x":-0.08546770364046097,"y":0.3439701795578003,"z":-0.02806343510746956,"w":-0.9349780678749085},"size":1.2278718948364258,"orthographic":false}