{"cameraMode":{"drawMode":0,"name":"Shaded","section":"Shading Mode"},"sceneLighting":true,"audioPlay":false,"sceneViewState":{"m_AlwaysRefresh":false,"showFog":true,"showSkybox":true,"showFlares":true,"showImageEffects":true,"showParticleSystems":true,"showVisualEffectGraphs":true,"m_FxEnabled":true},"in2DMode":false,"pivot":{"x":7.884943962097168,"y":1.0240763425827027,"z":7.4795379638671879},"rotation":{"x":-0.10028041899204254,"y":-0.27334046363830569,"z":0.03616982325911522,"w":-0.956663191318512},"size":10.981827735900879,"orthographic":false}