{"cameraMode":{"drawMode":0,"name":"Shaded","section":"Shading Mode"},"sceneLighting":true,"audioPlay":false,"sceneViewState":{"m_AlwaysRefresh":false,"showFog":true,"showSkybox":true,"showFlares":true,"showImageEffects":true,"showParticleSystems":true,"showVisualEffectGraphs":true,"m_FxEnabled":true},"in2DMode":false,"pivot":{"x":0.5107513666152954,"y":1.266751766204834,"z":2.914623498916626},"rotation":{"x":0.05034564062952995,"y":0.03744330629706383,"z":-0.0018836590461432934,"w":0.9980918765068054},"size":1.2339746952056885,"orthographic":false}