{"cameraMode":{"drawMode":0,"name":"Shaded","section":"Shading Mode"},"sceneLighting":true,"audioPlay":false,"sceneViewState":{"m_AlwaysRefresh":false,"showFog":true,"showSkybox":true,"showFlares":true,"showImageEffects":true,"showParticleSystems":true,"showVisualEffectGraphs":true,"m_FxEnabled":true},"in2DMode":false,"pivot":{"x":-0.3529999852180481,"y":0.9711999893188477,"z":-1.7039999961853028},"rotation":{"x":0.10440725088119507,"y":-0.719415009021759,"z":0.10903094708919525,"w":0.6783486008644104},"size":0.3092329204082489,"orthographic":false}