{"cameraMode":{"drawMode":0,"name":"Shaded","section":"Shading Mode"},"sceneLighting":true,"audioPlay":false,"sceneViewState":{"m_AlwaysRefresh":false,"showFog":true,"showSkybox":true,"showFlares":true,"showImageEffects":true,"showParticleSystems":true,"showVisualEffectGraphs":true,"m_FxEnabled":true},"in2DMode":false,"pivot":{"x":-0.8499996662139893,"y":0.0000023855827748775484,"z":-24.389999389648439},"rotation":{"x":0.35764241218566897,"y":-0.06311997026205063,"z":0.018264422193169595,"w":0.9321309328079224},"size":20.866832733154298,"orthographic":false}