{"cameraMode":{"drawMode":0,"name":"Shaded","section":"Shading Mode"},"sceneLighting":true,"audioPlay":false,"sceneViewState":{"m_AlwaysRefresh":false,"showFog":true,"showSkybox":true,"showFlares":true,"showImageEffects":true,"showParticleSystems":true,"showVisualEffectGraphs":true,"m_FxEnabled":true},"in2DMode":false,"pivot":{"x":9.64069652557373,"y":0.10217791795730591,"z":-1.6508142948150635},"rotation":{"x":0.012614763341844082,"y":-0.9867438077926636,"z":0.13342376053333283,"w":0.09348925203084946},"size":7.221141338348389,"orthographic":false}