{"cameraMode":{"drawMode":0,"name":"Shaded","section":"Shading Mode"},"sceneLighting":true,"audioPlay":false,"sceneViewState":{"m_AlwaysRefresh":false,"showFog":true,"showSkybox":true,"showFlares":true,"showImageEffects":true,"showParticleSystems":true,"showVisualEffectGraphs":true,"m_FxEnabled":true},"in2DMode":false,"pivot":{"x":-0.07473549246788025,"y":1.5273016691207886,"z":15.559828758239746},"rotation":{"x":0.1611679643392563,"y":0.03877154365181923,"z":-0.006336614023894072,"w":0.9861452579498291},"size":1.6050230264663697,"orthographic":false}