{"cameraMode":{"drawMode":0,"name":"Shaded","section":"Shading Mode"},"sceneLighting":true,"audioPlay":false,"sceneViewState":{"m_AlwaysRefresh":false,"showFog":true,"showSkybox":true,"showFlares":true,"showImageEffects":true,"showParticleSystems":true,"showVisualEffectGraphs":true,"m_FxEnabled":true},"in2DMode":false,"pivot":{"x":3.356318950653076,"y":1.2408043146133423,"z":6.609048366546631},"rotation":{"x":0.07876034826040268,"y":0.6453099846839905,"z":-0.08762900531291962,"w":0.7559065222740173},"size":-1.3606600761413575,"orthographic":false}