{"cameraMode":{"drawMode":0,"name":"Shaded","section":"Shading Mode"},"sceneLighting":true,"audioPlay":false,"sceneViewState":{"m_AlwaysRefresh":false,"showFog":true,"showSkybox":true,"showFlares":true,"showImageEffects":true,"showParticleSystems":true,"showVisualEffectGraphs":true,"m_FxEnabled":true},"in2DMode":false,"pivot":{"x":-6.570000171661377,"y":0.8118417859077454,"z":14.699999809265137},"rotation":{"x":0.22211074829101563,"y":-0.7227544188499451,"z":0.22536271810531617,"w":0.6160401105880737},"size":1.8517816066741944,"orthographic":false}