{"cameraMode":{"drawMode":0,"name":"Shaded","section":"Shading Mode"},"sceneLighting":true,"audioPlay":false,"sceneViewState":{"m_AlwaysRefresh":false,"showFog":true,"showSkybox":true,"showFlares":true,"showImageEffects":true,"showParticleSystems":true,"showVisualEffectGraphs":true,"m_FxEnabled":true},"in2DMode":false,"pivot":{"x":7.639598369598389,"y":0.8470014333724976,"z":-2.533400058746338},"rotation":{"x":0.3022884428501129,"y":0.6320255398750305,"z":-0.32465097308158877,"w":0.6367451548576355},"size":0.38485270738601687,"orthographic":false}