{"cameraMode":{"drawMode":0,"name":"Shaded","section":"Shading Mode"},"sceneLighting":true,"audioPlay":false,"sceneViewState":{"m_AlwaysRefresh":false,"showFog":true,"showSkybox":true,"showFlares":true,"showImageEffects":true,"showParticleSystems":true,"showVisualEffectGraphs":true,"m_FxEnabled":true},"in2DMode":false,"pivot":{"x":-0.5600000023841858,"y":1.1089999675750733,"z":-0.16500000655651093},"rotation":{"x":0.024487309157848359,"y":-0.9449231624603272,"z":0.3182836174964905,"w":0.07270895689725876},"size":1.1660254001617432,"orthographic":false}