{"cameraMode":{"drawMode":0,"name":"Shaded","section":"Shading Mode"},"sceneLighting":true,"audioPlay":false,"sceneViewState":{"m_AlwaysRefresh":false,"showFog":true,"showSkybox":true,"showFlares":true,"showImageEffects":true,"showParticleSystems":true,"showVisualEffectGraphs":true,"m_FxEnabled":true},"in2DMode":false,"pivot":{"x":8.151000022888184,"y":1.5076487064361573,"z":16.300701141357423},"rotation":{"x":-0.25296688079833987,"y":-0.31950926780700686,"z":0.08910603076219559,"w":-0.9089210629463196},"size":0.5049751996994019,"orthographic":false}