{"cameraMode":{"drawMode":0,"name":"Shaded","section":"Shading Mode"},"sceneLighting":true,"audioPlay":false,"sceneViewState":{"m_AlwaysRefresh":false,"showFog":true,"showSkybox":true,"showFlares":true,"showImageEffects":true,"showParticleSystems":true,"showVisualEffectGraphs":true,"m_FxEnabled":true},"in2DMode":false,"pivot":{"x":-7.032113552093506,"y":1.434272289276123,"z":-22.289249420166017},"rotation":{"x":0.10323519259691239,"y":0.4145900011062622,"z":-0.047823432832956317,"w":0.9030985236167908},"size":1.8306288719177247,"orthographic":false}