{"cameraMode":{"drawMode":0,"name":"Shaded","section":"Shading Mode"},"sceneLighting":true,"audioPlay":false,"sceneViewState":{"m_AlwaysRefresh":false,"showFog":true,"showSkybox":true,"showFlares":true,"showImageEffects":true,"showParticleSystems":true,"showVisualEffectGraphs":true,"m_FxEnabled":true},"in2DMode":false,"pivot":{"x":-4.788100719451904,"y":2.3901913166046144,"z":-3.710477352142334},"rotation":{"x":0.062358561903238299,"y":-0.3725329041481018,"z":0.01778201386332512,"w":0.9264319539070129},"size":-0.6058472394943237,"orthographic":false}