{"cameraMode":{"drawMode":0,"name":"Shaded","section":"Shading Mode"},"sceneLighting":true,"audioPlay":false,"sceneViewState":{"m_AlwaysRefresh":false,"showFog":true,"showSkybox":true,"showFlares":true,"showImageEffects":true,"showParticleSystems":true,"showVisualEffectGraphs":true,"m_FxEnabled":true},"in2DMode":false,"pivot":{"x":-1.9271663427352906,"y":4.136384963989258,"z":13.268726348876954},"rotation":{"x":0.017981167882680894,"y":-0.0464756079018116,"z":0.0008307156385853887,"w":0.9987675547599793},"size":4.1357011795043949,"orthographic":false}