{"cameraMode":{"drawMode":0,"name":"Shaded","section":"Shading Mode"},"sceneLighting":true,"audioPlay":false,"sceneViewState":{"m_AlwaysRefresh":false,"showFog":true,"showSkybox":true,"showFlares":true,"showImageEffects":true,"showParticleSystems":true,"showVisualEffectGraphs":true,"m_FxEnabled":true},"in2DMode":false,"pivot":{"x":-0.2809326648712158,"y":1.6409392356872559,"z":-0.6944759488105774},"rotation":{"x":-0.5740764737129211,"y":0.06677525490522385,"z":-0.04527616500854492,"w":-0.8150940537452698},"size":3.2787866592407228,"orthographic":false}