{"cameraMode":{"drawMode":0,"name":"Shaded","section":"Shading Mode"},"sceneLighting":true,"audioPlay":false,"sceneViewState":{"m_AlwaysRefresh":false,"showFog":true,"showSkybox":true,"showFlares":true,"showImageEffects":true,"showParticleSystems":true,"showVisualEffectGraphs":true,"m_FxEnabled":true},"in2DMode":false,"pivot":{"x":-6.025875091552734,"y":4.752297878265381,"z":18.159400939941408},"rotation":{"x":0.08924780786037445,"y":-0.3799026310443878,"z":0.019461043179035188,"w":0.9214602708816528},"size":8.047627449035645,"orthographic":false}